And,18/05/1998,Male,123456789,1234567891,annnnnn@gmail.com,HaNoi,member,SVVL-0002
And,18/05/1998,Male,123456789,1234567891,annnnnn@gmail.com,HaNoi,member,SVVL-0002
Tri,19/05/2001,Female,201223852,1234567891,tri@gmail.com,Nghe An,Gold,SVVL-0002
And,18/05/1998,Male,123456789,1234567891,annnnnn@gmail.com,HaNoi,member,SVHO-0000
Tri,19/05/2001,Female,201223852,1234567891,tri@gmail.com,Nghe An,Gold,SVRO-0001
And,18/05/1998,Male,123456789,1234567891,annnnnn@gmail.com,HaNoi,member,SVHO-0000
Tri,19/05/2001,Female,201223852,1234567891,tri@gmail.com,Nghe An,Gold,SVVL-0001
Tri,19/05/2001,Female,201223852,1234567891,tri@gmail.com,Nghe An,Gold,SVVL-0001
Tien Nguyen,18/5/1999,Female,201787604,0774534345,Tien99@gmail.com,DaNang,Gold,SVVL-0001
Tien Nguyen,18/5/1999,Female,201787604,0774534345,Tien99@gmail.com,DaNang,Gold,SVRO-0001
